Institute,Deadline,Website

Rutgers University,,https://bit.ly/3IYExBw
Qulabs Software India,,https://bit.ly/3smWR0h
Los Alamos National Lab,,https://bit.ly/3smTVB2
Open Quantum Initiative,"Feb 11, 2022",https://bit.ly/3g959TO
"Racah Institute of Physics, Israel","Feb 15, 2022",https://bit.ly/3IPFfRg
"NCRA, Pune","Feb 21, 2022",https://bit.ly/3G1ylXw
Phasecraft Quantum Software,"Mar 15, 2022",https://bit.ly/3Hf9dxG
SatSure Quantum ML internship,,https://bit.ly/3r3neJa
HRI Prayagraj (Allahabad),,https://bit.ly/3G54BsM
