Institute,Probable Deadline,Website

JNSCAR Bangalore,,https://bit.ly/3G54BsM
IISER Kolkata,"May 5, 2021",https://bit.ly/3o9jPXr
"SN Bose Institute, Kolkata","May 15, 2021",https://bit.ly/3g99shX
"Bose Institue, Kolkata","Mar 31, 2020",https://bit.ly/3uaKGWT
"Center for theoretical studies,  IIT KGP","Feb 29, 2020",https://bit.ly/3Hjmq96
SINP Kolkata,"Feb 15, 2020",https://bit.ly/33YG7V7
IISER Pune,"Feb 29, 2020",https://bit.ly/3KRLNkq
IIA Bangalore,,https://bit.ly/3uhXScy
IISER Bhopal,"May 10, 2021",https://bit.ly/33W10QW
IISER Berhampur,"Apr 20, 2021",https://bit.ly/3HcNQgG
IISER Mohali,,https://bit.ly/32FUIEe
IIST,,https://bit.ly/3o8Mps7
PRL Ahmedabad ,"Apr 16, 2021",https://bit.ly/3uaKSW7
